{
	"partitions" : [
		{
			"name" : "Top",
			"pins" : [
				{
					"name" : "LeftPaddleDirection[0]",
					"strict" : false
				},
				{
					"name" : "LeftPaddleDirection[1]",
					"strict" : false
				},
				{
					"name" : "LeftPaddleDirection[2]",
					"strict" : false
				},
				{
					"name" : "LeftPaddleDirection[3]",
					"strict" : false
				},
				{
					"name" : "LeftPaddleDirection[4]",
					"strict" : false
				},
				{
					"name" : "LeftPaddleDirection[5]",
					"strict" : false
				},
				{
					"name" : "LeftPaddleDirection[6]",
					"strict" : false
				},
				{
					"name" : "LeftPaddleDirection[7]",
					"strict" : false
				},
				{
					"name" : "LeftPaddleDirection[8]",
					"strict" : false
				},
				{
					"name" : "LeftPaddleDirection[9]",
					"strict" : false
				},
				{
					"name" : "LeftPaddleDirection[10]",
					"strict" : false
				},
				{
					"name" : "LeftPaddleDirection[11]",
					"strict" : false
				},
				{
					"name" : "LeftPaddleDirection[12]",
					"strict" : false
				},
				{
					"name" : "LeftPaddleDirection[13]",
					"strict" : false
				},
				{
					"name" : "LeftPaddleDirection[14]",
					"strict" : false
				},
				{
					"name" : "LeftPaddleDirection[15]",
					"strict" : false
				},
				{
					"name" : "LeftPaddleDirection[16]",
					"strict" : false
				},
				{
					"name" : "LeftPaddleDirection[17]",
					"strict" : false
				},
				{
					"name" : "LeftPaddleDirection[18]",
					"strict" : false
				},
				{
					"name" : "LeftPaddleDirection[19]",
					"strict" : false
				},
				{
					"name" : "LeftPaddleDirection[20]",
					"strict" : false
				},
				{
					"name" : "LeftPaddleDirection[21]",
					"strict" : false
				},
				{
					"name" : "LeftPaddleDirection[22]",
					"strict" : false
				},
				{
					"name" : "LeftPaddleDirection[23]",
					"strict" : false
				},
				{
					"name" : "LeftPaddleDirection[24]",
					"strict" : false
				},
				{
					"name" : "LeftPaddleDirection[25]",
					"strict" : false
				},
				{
					"name" : "LeftPaddleDirection[26]",
					"strict" : false
				},
				{
					"name" : "LeftPaddleDirection[27]",
					"strict" : false
				},
				{
					"name" : "LeftPaddleDirection[28]",
					"strict" : false
				},
				{
					"name" : "LeftPaddleDirection[29]",
					"strict" : false
				},
				{
					"name" : "LeftPaddleDirection[30]",
					"strict" : false
				},
				{
					"name" : "LeftPaddleDirection[31]",
					"strict" : false
				},
				{
					"name" : "RightPaddleDirection[0]",
					"strict" : false
				},
				{
					"name" : "RightPaddleDirection[1]",
					"strict" : false
				},
				{
					"name" : "RightPaddleDirection[2]",
					"strict" : false
				},
				{
					"name" : "RightPaddleDirection[3]",
					"strict" : false
				},
				{
					"name" : "RightPaddleDirection[4]",
					"strict" : false
				},
				{
					"name" : "RightPaddleDirection[5]",
					"strict" : false
				},
				{
					"name" : "RightPaddleDirection[6]",
					"strict" : false
				},
				{
					"name" : "RightPaddleDirection[7]",
					"strict" : false
				},
				{
					"name" : "RightPaddleDirection[8]",
					"strict" : false
				},
				{
					"name" : "RightPaddleDirection[9]",
					"strict" : false
				},
				{
					"name" : "RightPaddleDirection[10]",
					"strict" : false
				},
				{
					"name" : "RightPaddleDirection[11]",
					"strict" : false
				},
				{
					"name" : "RightPaddleDirection[12]",
					"strict" : false
				},
				{
					"name" : "RightPaddleDirection[13]",
					"strict" : false
				},
				{
					"name" : "RightPaddleDirection[14]",
					"strict" : false
				},
				{
					"name" : "RightPaddleDirection[15]",
					"strict" : false
				},
				{
					"name" : "RightPaddleDirection[16]",
					"strict" : false
				},
				{
					"name" : "RightPaddleDirection[17]",
					"strict" : false
				},
				{
					"name" : "RightPaddleDirection[18]",
					"strict" : false
				},
				{
					"name" : "RightPaddleDirection[19]",
					"strict" : false
				},
				{
					"name" : "RightPaddleDirection[20]",
					"strict" : false
				},
				{
					"name" : "RightPaddleDirection[21]",
					"strict" : false
				},
				{
					"name" : "RightPaddleDirection[22]",
					"strict" : false
				},
				{
					"name" : "RightPaddleDirection[23]",
					"strict" : false
				},
				{
					"name" : "RightPaddleDirection[24]",
					"strict" : false
				},
				{
					"name" : "RightPaddleDirection[25]",
					"strict" : false
				},
				{
					"name" : "RightPaddleDirection[26]",
					"strict" : false
				},
				{
					"name" : "RightPaddleDirection[27]",
					"strict" : false
				},
				{
					"name" : "RightPaddleDirection[28]",
					"strict" : false
				},
				{
					"name" : "RightPaddleDirection[29]",
					"strict" : false
				},
				{
					"name" : "RightPaddleDirection[30]",
					"strict" : false
				},
				{
					"name" : "RightPaddleDirection[31]",
					"strict" : false
				},
				{
					"name" : "KeyboardData",
					"strict" : false
				},
				{
					"name" : "KeyboardClock",
					"strict" : false
				}
			]
		}
	]
}