{
	"partitions" : [
		{
			"name" : "Top",
			"pins" : [
				{
					"name" : "hsync_out",
					"strict" : false
				},
				{
					"name" : "vsync_out",
					"strict" : false
				},
				{
					"name" : "vga_clk",
					"strict" : false
				},
				{
					"name" : "red_out",
					"strict" : false
				},
				{
					"name" : "green_out",
					"strict" : false
				},
				{
					"name" : "blue_out",
					"strict" : false
				},
				{
					"name" : "soundPin",
					"strict" : false
				},
				{
					"name" : "clk",
					"strict" : false
				},
				{
					"name" : "kb_clk",
					"strict" : false
				},
				{
					"name" : "kb_data",
					"strict" : false
				}
			]
		}
	]
}